Date,Title,Text
1747758983.0,Duolingo CEO says AI is a better teacher than humans—but schools will still exist ‘because you still need childcare’,
1747735982.0,Elton John is furious about plans to let Big Tech train AI on artists' work for free,
1747753686.0,"Paramount Could Violate Anti-Bribery Law If It Pays to Settle Trump’s ‘60 Minutes’ Lawsuit, Senators Claim",
1747749880.0,Woman jailed for race hate post on X loses appeal,
1747765253.0,"Trump admin lifts hold on offshore wind farm, doesn’t explain why | Reasons for the hold were never backed up, and nobody's explaining why it ended.",
1747750812.0,Nearly half of streaming subscriptions are for plans with ads,
1747724495.0,Reddit bans an anti-natalist group after Palm Springs explosion,
1747701708.0,"Almost half of young people would prefer a world without internet, UK study finds",
1747742222.0,"Subaru of America increases vehicle prices, citing market conditions",
1747769644.0,"Tesla, SpaceX reputations crater in new Axios Harris Poll 100",
1747744536.0,"Republican lawmakers could soon kill clean energy jobs in their home states | Tax credits for new solar, wind, and battery manufacturing plants are on the chopping block as Congress debates Trump’s spending bill.",
1747675810.0,Klarna’s AI replaced 700 workers — Now the fintech CEO wants humans back after $40B fall,
1747702873.0,"Student Makes Tool That Identifies ‘Radicals’ on Reddit, Deploys AI Bots to Engage With Them",
1747688267.0,Trump signs the Take It Down Act into law,
1747744132.0,Microsoft Confirms Emergency Update For Windows Users,
1747738438.0,India Arrests Academic for Antiwar Posts on Instagram,
1747766030.0,Chicago Sun-Times Prints AI-Generated Summer Reading List With Books That Don’t Exist,
1747760462.0,"AI models can't tell time or read a calendar, study reveals",
1747680325.0,Hackers Leak Kanye’s Upcoming Album ‘CUCK’: Proceeds Reportedly Donated To Holocaust Memorial Museum,
1747759732.0,Trump’s AI deals in the Middle East have security experts sweating,
1747759086.0,Adobe is switching some Creative Cloud users to a pricier AI plan.,
1747682328.0,Trump to sign law forcing platforms to remove revenge porn in 48 hours | Take It Down Act’s 48-hour timeline may be both too fast and too slow.,
1747753810.0,Chicago Sun-Times prints summer reading list full of fake books | Reading list in advertorial supplement contains 75% made up books by real authors.,
1747656196.0,"A year later, Apple Vision Pro owners say they regret buying the $3,500 headset | ""It's just collecting dust""",
1747702817.0,Kansas Mom Sues Porn Sites Because Her Son Visited Chaturbate 30 Times,
1747737363.0,From melted cables to melted ethics: NVIDIA pressures media to manipulate reviews,
1747701174.0,Klarna doubles losses in first quarter as IPO remains on hold,
1747673009.0,The US Department of Energy plans to cancel seven major loans for green projects,
1747739731.0,"Adobe is switching some Creative Cloud users to a pricier AI plan | Users on the All Apps subscription in the US, Canada, and Mexico will pay up to 120 Dollars more per year starting next month.",
1747654251.0,Sony blocks Russians’ PlayStation accounts. Many Russian users have begun reporting mass account suspensions on PlayStation.,
1747754420.0,Elon Musk brought ‘the world’s biggest supercomputer’ to Memphis. Residents say they’re choking on its pollution,
1747710868.0,Verizon is charging extra to limit spam calls and texts — Scam calls and texts have surged yet Verizon continues to charge customers extra for essential protections.,
1747728103.0,Foxconn predicts AI will destroy low-end manufacturing jobs,
1747769774.0,New lawsuit accuses Roblox of enabling sexual exploitation,
1747693693.0,"New Orleans called out for sketchiest use of facial recognition yet in the US | Facial recognition cameras ping cops when suspects appear, sparking backlash.",
1747731209.0,Apple slapped with multiple fines by Moscow court for spreading ‘LGBT propaganda’,
1747759653.0,"Schumer slams Trump-led deals to sell AI chips to Saudi Arabia, UAE",
1747770616.0,FDA says Covid vaccines likely not available for healthy kids and adults this fall,
1747771402.0,"Cadillac's EVs are attracting new buyers, including more customers trading in Teslas",
1747744838.0,Microsoft's ICC email block triggers Dutch concerns over dependence on U.S. tech,
1747663664.0,Sesame Street’s next season will stream on Netflix | It’s coming later this year.,
1747691010.0,Passenger jet had to abort takeoff to avoid runway collision at New York’s LaGuardia Airport,
1747677255.0,CFPB Quietly Kills Rule to Shield Americans From Data Brokers,
1747674605.0,"Microsoft's Brutal Layoffs Hit Software Engineers, Product Managers and Its Director of AI",
1747751889.0,Asus introduces 3000-watt PSU — enough capacity to power 4 RTX 5090s,
1747687224.0,Microsoft employee interrupts CEO’s keynote with pro-Palestinian protest | Technology,
1747689128.0,Europe Built Trains. America Built Highways and Regret.,
1747762259.0,"Microsoft closes 9-year-old feature request, open-sources Windows Subsystem for Linux | WSL has also recently added official support for both Fedora and Arch distros.",
1747767952.0,Viral AI-Generated Summer Guide Printed by Chicago Sun-Times Was Made by Magazine Giant Hearst,
1747663367.0,China moved satellites to help Pakistan shoot down Indian jets,
