date,title,text,sentiment,Clean_Text
20-05-2025,Morning Sky,Woke up to the most incredible sunrise today. The sky was painted in shades of pink and gold that made me stop and just stare for a while. These quiet morning moments center me for the day ahead.,positive,wokeuptothemostincrediblesunrisetodaytheskywaspaintedinshadesofpinkandgoldthatmademestopandjuststareforawhilethesequietmorningmomentscentermeforthedayahead
20-05-2025,New Job Offer,"Just got the call - I GOT THE JOB! After 6 months of searching and countless rejections, finally found a position that feels perfect. Starting next month!",positive,justgotthecalligotthejobaftermonthsofsearchingandcountlessrejectionsfinallyfoundapositionthatfeelsperfectstartingnextmonth
20-05-2025,Book Completion,"Finally finished writing my first novel after three years of work. 87,000 words later and I actually like what I've created. Sending to beta readers next week!",positive,finallyfinishedwritingmyfirstnovelafterthreeyearsofworkwordslaterandiactuallylikewhativecreatedsendingtobetareadersnextweek
20-05-2025,Pet Adoption Day,Brought home my rescue cat today! She's already exploring every corner of the apartment. My heart feels so full watching her settle in.,positive,broughthomemyrescuecattodayshesalreadyexploringeverycorneroftheapartmentmyheartfeelssofullwatchinghersettlein
20-05-2025,Fitness Milestone,Ran 10k for the first time ever today! Six months ago I could barely run for 5 minutes. Consistency really does pay off.,positive,rankforthefirsttimeevertodaysixmonthsagoicouldbarelyrunforminutesconsistencyreallydoespayoff
20-05-2025,Garden Harvest,First tomatoes from my garden this season! There's something magical about eating food you've grown yourself from seed.,positive,firsttomatoesfrommygardenthisseasontheressomethingmagicalabouteatingfoodyouvegrownyourselffromseed
20-05-2025,Surprise Visit,My sister showed up at my door unannounced today with coffee and pastries. We spent the morning catching up. Best surprise ever.,positive,mysistershowedupatmydoorunannouncedtodaywithcoffeeandpastrieswespentthemorningcatchingupbestsurpriseever
20-05-2025,Art Exhibition,My artwork is being featured in a local gallery next month! Still can't believe someone wants to display my paintings.,positive,myartworkisbeingfeaturedinalocalgallerynextmonthstillcantbelievesomeonewantstodisplaymypainting
20-05-2025,Cooking Success,Made my grandmother's complicated recipe for the first time and it turned out PERFECT. I can practically feel her smiling down on me.,positive,mademygrandmotherscomplicatedrecipeforthefirsttimeanditturnedoutperfecticanpracticallyfeelhersmilingdownonme
20-05-2025,Travel Plans,"Just booked tickets for that dream trip to Japan! After saving for three years, it's finally happening next spring!",positive,justbookedticketsforthatdreamtriptojapanaftersavingforthreeyearsitsfinallyhappeningnextspre
20-05-2025,Health News,Got my test results back and I'm completely healthy! The relief after weeks of worry is indescribable.,positive,gotmytestresultsbackandimcompletelyhealthythereliefafterweeksofworryisindescribable
20-05-2025,Creative Breakthrough,"After weeks of creative block, the ideas are finally flowing again. Wrote 12 pages of my screenplay in one sitting today!",positive,afterweeksofcreativeblocktheideasarefinallyflowingagainwrotepagesofmyscreenplayinonesittingtoday
20-05-2025,Friend Reunion,Spent the evening with friends I haven't seen since before the pandemic. It's like no time passed at all. My soul needed this.,positive,spenttheeveningwithfriendsihaventseensincebeforethepandemicitslikenotimepassedatallmysoulneededthis
20-05-2025,Nature Discovery,Found this hidden hiking trail just 20 minutes from my apartment. The view at the top was worth every step.,positive,foundthishiddenhikingtrailjustminutesfrommyapartmenttheviewatthetopwaswortheverystep
20-05-2025,Music Connection,Discovered this indie band yesterday and their music speaks directly to my soul. Been listening on repeat all day.,positive,discoveredthisindiebandyesterdayandtheirmusicspeaksdirectlytomysoulbeenlisteningonrepeatallday
20-05-2025,Debt Freedom,Made the final payment on my student loans today after 8 years! I'm officially debt-free and it feels AMAZING.,positive,madethefinalpaymentonmystudentloanstodayafteryearsimofficiallydebtfreeanditfeelsamaze
20-05-2025,Self-Care Day,"Took a mental health day from work. Spent it reading in the park, taking a long bath, and ordering my favorite takeout. No regrets.",positive,tookamentalhealthdayfromworkspentitreadingintheparktakingalongbathandorderingmyfavoritetakeoutnoregret
20-05-2025,Unexpected Gift,My neighbor brought over homemade cookies just because. Small acts of kindness really do make the world better.,positive,myneighborbroughtoverhomemadecookiesjustbecausesmallactsofkindnessreallydomaketheworldbetter
20-05-2025,Milestone Celebration,My parents just celebrated their 40th wedding anniversary. Their love story gives me hope that lasting relationships are possible.,positive,myparentsjustcelebratedtheirthweddinganniversarytheirlovestorygivesmehopethatlastingrelationshipsarepossible
20-05-2025,Hobby Progress,People are actually buying the jewelry I've been making! What started as a stress-relief hobby might become a side business.,positive,peopleareactuallybuyingthejewelryivebeenmakingwhatstartedasastressreliefhobbymightbecomeasidebusiness
20-05-2025,Dance Performance,Performed on stage for the first time in years tonight. The rush of being in front of an audience again was incredible.,positive,performedonstageforthefirsttimeinyearstonighttherushofbeinginfrontofanaudienceagainwasincredible
20-05-2025,Seasonal Joy,The cherry blossoms are in full bloom in the park. Sat beneath them for an hour just taking in their beauty.,positive,thecherryblossomsareinfullbloomintheparksatbeneaththemforanhourjusttakingintheirbeauty
20-05-2025,Learning Achievement,Finally mastered that difficult piano piece I've been practicing for months. Persistence really does pay off.,positive,finallymasteredthatdifficultpianopieceivebeenpracticingformonthspersistencereallydoespayoff
20-05-2025,Home Improvement,Finished painting my apartment this weekend. The new color makes the whole space feel brighter and more like home.,positive,finishedpaintingmyapartmentthisweekendthenewcolormakesthewholespacefeelbrighterandmorelikehome
20-05-2025,Relationship Growth,Had one of those deep conversations with my partner that reminds you why you chose each other. Growing together feels magical.,positive,hadoneofthosedeepconversationswithmypartnerthatremindsyouwhyyouchoseeachothergrowingtogetherfeelsmagical
20-05-2025,Community Connection,Volunteered at the local food bank today. The sense of community and purpose made my heart full in a way nothing else does.,positive,volunteeredatthelocalfoodbanktodaythesenseofcommunityandpurposemademyheartfullinawaynothingelsedoe
20-05-2025,Creative Recognition,Someone recognized me from my online art and asked for my autograph today?! Still processing that this actually happened.,positive,someonerecognizedmefrommyonlineartandaskedformyautographtodaystillprocessingthatthisactuallyhappene
20-05-2025,Personal Growth,Looking back at old journal entries and realizing how much I've grown in the past year. Healing isn't linear but it is possible.,positive,lookingbackatoldjournalentriesandrealizinghowmuchivegrowninthepastyearhealingisntlinearbutitispossible
20-05-2025,Simple Pleasure,"Sitting on my balcony with tea, watching the rainfall. These simple moments of peace are what make life beautiful.",positive,sittingonmybalconywithteawatchingtherainfallthesesimplemomentsofpeacearewhatmakelifebeautiful
20-05-2025,Skill Development,"After months of practice, I can finally hold a conversation in Spanish! Language learning is hard but so rewarding.",positive,aftermonthsofpracticeicanfinallyholdaconversationinspanishlanguagelearningishardbutsorewarde
20-05-2025,Unexpected Connection,Made friends with the barista at my local coffee shop. Our brief daily interactions have become something I look forward to.,positive,madefriendswiththebaristaatmylocalcoffeeshopourbriefdailyinteractionshavebecomesomethingilookforwardto
20-05-2025,Family Tradition,Taught my niece how to make the family cookie recipe today. Passing down traditions feels like a kind of immortality.,positive,taughtmyniecehowtomakethefamilycookierecipetodaypassingdowntraditionsfeelslikeakindofimmortality
20-05-2025,Act of Kindness,A stranger helped me carry my groceries up three flights of stairs today when the elevator was broken. Humanity can be wonderful.,positive,astrangerhelpedmecarrymygroceriesupthreeflightsofstairstodaywhentheelevatorwasbrokenhumanitycanbewonderful
20-05-2025,Pet Bonding,My typically aloof cat chose to sleep on my lap for the first time today. I'm afraid to move and ruin this rare moment of trust.,positive,mytypicallyaloofcatchosetosleeponmylapforthefirsttimetodayimafraidtomoveandruinthisraremomentoftrust
20-05-2025,New Home,"After months of searching, I finally found and moved into an apartment I love. Having my own space again feels incredible.",positive,aftermonthsofsearchingifinallyfoundandmovedintoanapartmentilovehavingmyownspaceagainfeelsincredible
20-05-2025,Professional Recognition,My boss singled out my work during the team meeting today. External validation shouldn't matter so much but it really does feel good.,positive,mybosssingledoutmyworkduringtheteammeetingtodayexternalvalidationshouldntmattersomuchbutitreallydoesfeelgood
20-05-2025,Seasonal Experience,First beach day of the season! The water was still cold but the sun and sand were perfect. Summer is finally here.,positive,firstbeachdayoftheseasonthewaterwasstillcoldbutthesunandsandwereperfectsummerisfinallyhere
20-05-2025,Health Improvement,Three months since starting medication for my anxiety and the difference is life-changing. I feel like myself again.,positive,threemonthssincestartingmedicationformyanxietyandthedifferenceislifechangingifeellikemyselfagain
20-05-2025,Memory Lane,Found a box of old photographs from college. Laughed until I cried remembering all those ridiculous adventures.,positive,foundaboxofoldphotographsfromcollegelaugheduntilicriedrememberingallthoseridiculousadventure
20-05-2025,Green Thumbs,My supposedly unkillable plant that was nearly dead has new growth! My rehabilitation efforts are finally paying off.,positive,mysupposedlyunkillableplantthatwasnearlydeadhasnewgrowthmyrehabilitationeffortsarefinallypayingoff
20-05-2025,Confidence Boost,Wore that outfit I've been saving for a 'special occasion' just because today. Why wait to feel good about yourself?,positive,worethatoutfitivebeensavingforaspecialoccasionjustbecausetodaywhywaittofeelgoodaboutyourself
20-05-2025,Cooking Adventure,Made a dish from a culture I've never cooked before. The flavors were incredible! Food really is the best way to travel without leaving home.,positive,madeadishfromacultureivenevercookedbeforetheflavorswereincrediblefoodreallyisthebestwaytotravelwithoutleavinghome
20-05-2025,Weather Perfection,"Today's weather was absolute perfection - 72 degrees, slight breeze, not a cloud in the sky. Spent every possible minute outside.",positive,todaysweatherwasabsoluteperfectiondegreesslightbreezenotacloudintheskyspenteverypossibleminuteoutside
20-05-2025,Coincidental Meeting,Ran into my childhood best friend at the airport today. We live in different countries now but it's like no time passed at all.,positive,ranintomychildhoodbestfriendattheairporttodayweliveindifferentcountriesnowbutitslikenotimepassedatall
20-05-2025,Financial Win,Got an unexpected tax refund that will cover next month's rent. Financial breathing room feels like a luxury these days.,positive,gotanunexpectedtaxrefundthatwillcovernextmonthsrentfinancialbreathingroomfeelslikealuxurytheseday
20-05-2025,Stress Relief,Finally took that pottery class I've been eyeing for months. The feel of clay between my fingers was meditative in a way I needed.,positive,finallytookthatpotteryclassivebeeneyeingformonthsthefeelofclaybetweenmyfingerswasmeditativeinawayineede
20-05-2025,Hobby Discovery,Started birdwatching on a whim and now I'm completely obsessed. There's something peaceful about observing these creatures go about their lives.,positive,startedbirdwatchingonawhimandnowimcompletelyobsessedtheressomethingpeacefulaboutobservingthesecreaturesgoabouttheirlive
20-05-2025,Milestone Birthday,Celebrated turning 30 today surrounded by loved ones. Entering a new decade with gratitude for the lessons of my twenties.,positive,celebratedturningtodaysurroundedbylovedonesenteringanewdecadewithgratitudeforthelessonsofmytwentie
20-05-2025,Recognition Moment,A stranger recognized me from my podcast today! First time that's happened and it felt surreal in the best way.,positive,astrangerrecognizedmefrommypodcasttodayfirsttimethatshappenedanditfeltsurrealinthebestway
20-05-2025,Environmental Action,Participated in a beach cleanup today with 200 other volunteers. Together we collected over 500 pounds of trash. Small actions add up.,positive,participatedinabeachcleanuptodaywithothervolunteerstogetherwecollectedoverpoundsoftrashsmallactionsaddup
20-05-2025,Job Rejection,Got rejected from my dream job today. They went with an internal candidate. Six interviews and three months of hoping for nothing.,negative,gotrejectedfrommydreamjobtodaytheywentwithaninternalcandidatesixinterviewsandthreemonthsofhopingfornothe
20-05-2025,Pet Health Scare,My dog is at the emergency vet right now. They don't know what's wrong yet and I'm sick with worry. He's only five years old.,negative,mydogisattheemergencyvetrightnowtheydontknowwhatswrongyetandimsickwithworryhesonlyfiveyearsold
20-05-2025,Apartment Disaster,"Came home to a completely flooded apartment today. Water damage everywhere, including my grandmother's irreplaceable photos.",negative,camehometoacompletelyfloodedapartmenttodaywaterdamageeverywhereincludingmygrandmothersirreplaceablephotos
20-05-2025,Financial Strain,Rent is going up 20% next month and I already was barely making it. Not sure where I'm going to find the extra money.,negative,rentisgoingupnextmonthandialreadywasbarelymakingitnotsurewhereimgoingtofindtheextramoney
20-05-2025,Relationship End,We broke up last night after three years together. The apartment feels too quiet now. Everything reminds me of them.,negative,webrokeuplastnightafterthreeyearstogethertheapartmentfeelstooquietnoweverythingremindsmeofthem
20-05-2025,Health Diagnosis,Got diagnosed with a chronic condition today. Still processing what this means for my future and trying not to spiral.,negative,gotdiagnosedwithachronicconditiontodaystillprocessingwhatthismeansformyfutureandtryingnottospiral
20-05-2025,Family Conflict,Another explosive family dinner where politics came up. Why is it so hard for people who love each other to respect differences?,negative,anotherexplosivefamilydinnerwherepoliticscameupwhyisitsohardforpeoplewholoveeachothertorespectdifference
20-05-2025,Professional Setback,Found out my coworker who does half the work I do is making 30% more. Asked for a raise and was denied. Time to update the resume.,negative,foundoutmycoworkerwhodoeshalftheworkidoismakingmoreaskedforaraiseandwasdeniedtimetoupdatetheresume
20-05-2025,Friendship Drift,Realized today that my best friend from college and I haven't spoken in six months. When did we become the kind of friends who drift apart?,negative,realizedtodaythatmybestfriendfromcollegeandihaventspokeninsixmonthswhendidwebecomethekindoffriendswhodriftapart
20-05-2025,Loss Anniversary,It's been exactly one year since I lost my dad. The grief still hits in waves when I least expect it.,negative,itsbeenexactlyoneyearsinceilostmydadthegriefstillhitsinwaveswhenileastexpectit
20-05-2025,Tech Catastrophe,My laptop crashed and I lost the only copy of my thesis draft. Three months of work gone in an instant.,negative,mylaptopcrashedandilosttheonlycopyofmythesisdraftthreemonthsofworkgoneinaninstant
20-05-2025,Body Image Struggle,Tried on my summer clothes from last year and nothing fits. Having one of those days where I don't recognize my own body.,negative,triedonmysummerclothesfromlastyearandnothingfitshavingoneofthosedayswhereidontrecognizemyownbody
20-05-2025,Career Doubt,Five years into this career path and I'm not sure it's what I want anymore. Too invested to quit but too unhappy to stay.,negative,fiveyearsintothiscareerpathandimnotsureitswhatiwantanymoretooinvestedtoquitbuttoounhappytostay
20-05-2025,Insomnia Night,Third night in a row of total insomnia. Watching the sun rise when you haven't slept is a special kind of misery.,negative,thirdnightinarowoftotalinsomniawatchingthesunrisewhenyouhaventsleptisaspecialkindofmisery
20-05-2025,Social Anxiety,Canceled plans with friends again because the thought of socializing made me feel physically ill. They'll stop asking eventually.,negative,canceledplanswithfriendsagainbecausethethoughtofsocializingmademefeelphysicallyilltheyllstopaskingeventually
20-05-2025,Loneliness Spiral,Scrolling through social media on a Friday night while everyone else seems to be out living their lives. The loneliness is crushing sometimes.,negative,scrollingthroughsocialmediaonafridaynightwhileeveryoneelseseemstobeoutlivingtheirlivesthelonelinessiscrushingsometime
20-05-2025,Creative Block,Haven't been able to write a single word in weeks. Beginning to think I've permanently lost whatever small talent I had.,negative,haventbeenabletowriteasinglewordinweeksbeginningtothinkivepermanentlylostwhateversmalltalentihad
20-05-2025,Travel Disaster,Flight canceled after 6 hours of delays. Now stranded in an airport overnight and missing the event I was traveling for.,negative,flightcanceledafterhoursofdelaysnowstrandedinanairportovernightandmissingtheeventiwastravelingfor
20-05-2025,Weather Blues,"Day 9 of non-stop rain. Everything feels damp, my seasonal depression is in full force, and I've forgotten what the sun looks like.",negative,dayofnonstopraineverythingfeelsdampmyseasonaldepressionisinfullforceandiveforgottenwhatthesunlookslike
20-05-2025,Health Relapse,Thought I was getting better but today was a major setback. Recovery isn't linear but the backslides are so disheartening.,negative,thoughtiwasgettingbetterbuttodaywasamajorsetbackrecoveryisntlinearbutthebackslidesaresodisheartene
20-05-2025,Dating Fatigue,Another first date that went nowhere. Starting to think finding a genuine connection is impossible in the age of dating apps.,negative,anotherfirstdatethatwentnowherestartingtothinkfindingagenuineconnectionisimpossibleintheageofdatingapp
20-05-2025,Memory Loss,Forgot my own mother's birthday for the first time ever. The look of disappointment on her face will haunt me.,negative,forgotmyownmothersbirthdayforthefirsttimeeverthelookofdisappointmentonherfacewillhauntme
20-05-2025,Financial Mistake,Made a careless error on my taxes that's going to cost me thousands. Money I absolutely don't have to spare right now.,negative,madeacarelesserroronmytaxesthatsgoingtocostmethousandsmoneyiabsolutelydonthavetosparerightnow
20-05-2025,Betrayal Discovery,"Found out my partner has been lying about something important for months. Trust is like paper - once crumpled, never the same.",negative,foundoutmypartnerhasbeenlyingaboutsomethingimportantformonthstrustislikepaperoncecrumpledneverthesame
20-05-2025,Job Stress,My workload is impossible but asking for help feels like admitting failure. The constant anxiety is affecting my health.,negative,myworkloadisimpossiblebutaskingforhelpfeelslikeadmittingfailuretheconstantanxietyisaffectingmyhealth
20-05-2025,Lost Friendship,My best friend of 15 years and I had a falling out over something so trivial. Now neither of us knows how to bridge the gap.,negative,mybestfriendofyearsandihadafallingoutoversomethingsotrivialnowneitherofusknowshowtobridgethegap
20-05-2025,Housing Crisis,Got a 30-day notice to vacate my apartment today. The building is being sold and converted to luxury condos I can't afford.,negative,gotadaynoticetovacatemyapartmenttodaythebuildingisbeingsoldandconvertedtoluxurycondosicantafford
20-05-2025,Grief Process,"Found myself talking to my brother today before remembering he's gone. Year two of grief isn't easier, just different.",negative,foundmyselftalkingtomybrothertodaybeforerememberinghesgoneyeartwoofgriefisnteasierjustdifferent
20-05-2025,Academic Pressure,Failed an exam I studied weeks for. My GPA can't take another hit but I don't know how to study differently.,negative,failedanexamistudiedweeksformygpacanttakeanotherhitbutidontknowhowtostudydifferently
20-05-2025,Injury Setback,Re-injured my knee just as I was getting back to normal activity levels. Starting physical therapy all over again is soul-crushing.,negative,reinjuredmykneejustasiwasgettingbacktonormalactivitylevelsstartingphysicaltherapyalloveragainissoulcrushe
20-05-2025,Tech Frustration,Lost my phone today with thousands of irreplaceable photos. Why did I keep putting off backing them up?,negative,lostmyphonetodaywiththousandsofirreplaceablephotoswhydidikeepputtingoffbackingthemup
20-05-2025,Climate Anxiety,Record-breaking temperatures again today. Hard not to feel hopeless about the future of our planet sometimes.,negative,recordbreakingtemperaturesagaintodayhardnottofeelhopelessaboutthefutureofourplanetsometime
20-05-2025,Career Rejection,Got passed over for a promotion that went to someone with half my experience but twice my confidence. The system feels rigged.,negative,gotpassedoverforapromotionthatwenttosomeonewithhalfmyexperiencebuttwicemyconfidencethesystemfeelsrigge
20-05-2025,Identity Crisis,Turning 40 next week and having an existential crisis about where I thought I'd be by now versus reality.,negative,turningnextweekandhavinganexistentialcrisisaboutwhereithoughtidbebynowversusreality
20-05-2025,Family Estrangement,Haven't spoken to my sister in three years now. Family gatherings are a minefield of people asking where she is.,negative,haventspokentomysisterinthreeyearsnowfamilygatheringsareaminefieldofpeopleaskingwheresheis
20-05-2025,Friendship Disappointment,Shared something vulnerable with a friend and they immediately changed the subject. Reminder to choose confidants more carefully.,negative,sharedsomethingvulnerablewithafriendandtheyimmediatelychangedthesubjectremindertochooseconfidantsmorecarefully
20-05-2025,Health Insurance Battle,Fighting with insurance over a denied claim for the third time. The American healthcare system is designed to break people.,negative,fightingwithinsuranceoveradeniedclaimforthethirdtimetheamericanhealthcaresystemisdesignedtobreakpeople
20-05-2025,Moving Stress,Packing up my life to move across the country next week. The excitement is now completely overshadowed by anxiety and overwhelm.,negative,packingupmylifetomoveacrossthecountrynextweektheexcitementisnowcompletelyovershadowedbyanxietyandoverwhelm
20-05-2025,Job Dissatisfaction,Another day of mind-numbing work that brings me no joy but pays the bills. Is this really all there is to adulthood?,negative,anotherdayofmindnumbingworkthatbringsmenojoybutpaysthebillsisthisreallyallthereistoadulthood
20-05-2025,Mental Health Struggle,Having one of those days where basic tasks feel impossible. Depression lies to you about what you're capable of.,negative,havingoneofthosedayswherebasictasksfeelimpossibledepressionliestoyouaboutwhatyourecapableof
20-05-2025,Nostalgia Pain,Found old messages between me and my ex from when things were good. Nostalgia can be a special form of self-torture.,negative,foundoldmessagesbetweenmeandmyexfromwhenthingsweregoodnostalgiacanbeaspecialformofselftorture
20-05-2025,Imposter Syndrome,Everyone keeps complimenting my work but I feel like a fraud. Waiting for the day they all realize I have no idea what I'm doing.,negative,everyonekeepscomplimentingmyworkbutifeellikeafraudwaitingforthedaytheyallrealizeihavenoideawhatimdoe
20-05-2025,Social Media Break,Taking a month off social media starting today. The constant comparison and doom-scrolling isn't good for my mental health.,negative,takingamonthoffsocialmediastartingtodaytheconstantcomparisonanddoomscrollingisntgoodformymentalhealth
20-05-2025,Weather Report,Forecast says rain all weekend with temperatures in the mid-60s. Typical spring weather for this region.,neutral,forecastsaysrainallweekendwithtemperaturesinthemidstypicalspringweatherforthisregion
20-05-2025,Coffee Review,Tried that new coffee shop downtown today. The espresso was decent but overpriced compared to my usual place.,neutral,triedthatnewcoffeeshopdowntowntodaytheespressowasdecentbutoverpricedcomparedtomyusualplace
20-05-2025,Public Transit,Bus was five minutes late this morning. The driver took a different route to make up time. Got to work right on schedule.,neutral,buswasfiveminuteslatethismorningthedrivertookadifferentroutetomakeuptimegottoworkrightonschedule
20-05-2025,Tech Update,My phone did that automatic software update overnight. Can't tell any difference except the icons look slightly different.,neutral,myphonedidthatautomaticsoftwareupdateovernightcanttellanydifferenceexcepttheiconslookslightlydifferent
20-05-2025,Lunch Choice,Had a turkey sandwich for lunch today. Nothing special but it did the job of keeping me full until dinner.,neutral,hadaturkeysandwichforlunchtodaynothingspecialbutitdidthejobofkeepingmefulluntildinner
20-05-2025,TV Opinion,Finished that new show everyone's talking about. It was fine - some interesting concepts but the execution was just okay.,neutral,finishedthatnewshoweveryonestalkingaboutitwasfinesomeinterestingconceptsbuttheexecutionwasjustokay
20-05-2025,Shopping Errand,Went to three different stores looking for that specific ingredient. Finally found it at the international market.,neutral,wenttothreedifferentstoreslookingforthatspecificingredientfinallyfounditattheinternationalmarket
20-05-2025,Home Maintenance,Changed all the air filters in the apartment today. One of those adult tasks that's neither satisfying nor terrible.,neutral,changedalltheairfiltersintheapartmenttodayoneofthoseadulttasksthatsneithersatisfyingnorterrible
20-05-2025,Book Progress,About halfway through that bestseller everyone recommended. The plot is picking up but still not sure how I feel about it.,neutral,abouthalfwaythroughthatbestsellereveryonerecommendedtheplotispickingupbutstillnotsurehowifeelaboutit
20-05-2025,Workout Report,Did my usual Tuesday workout routine. Not my best performance but not my worst either. Just showed up and got it done.,neutral,didmyusualtuesdayworkoutroutinenotmybestperformancebutnotmyworsteitherjustshowedupandgotitdone
20-05-2025,Haircut Experience,"Got a trim today. Asked for an inch off and that's exactly what I got. No drama, no surprises, just maintenance.",neutral,gotatrimtodayaskedforaninchoffandthatsexactlywhatigotnodramanosurprisesjustmaintenance
20-05-2025,Movie Reaction,Watched that Oscar-winning film from last year finally. Can see why critics liked it but it wouldn't make my top ten list.,neutral,watchedthatoscarwinningfilmfromlastyearfinallycanseewhycriticslikeditbutitwouldntmakemytoptenlist
20-05-2025,Work Update,"Regular day at the office. Meetings were productive, got through most of my to-do list. Nothing noteworthy to report.",neutral,regulardayattheofficemeetingswereproductivegotthroughmostofmytodolistnothingnoteworthytoreport
20-05-2025,Restaurant Experience,"The new restaurant downtown has good food but the portion sizes are small for the price. Might go back, might not.",neutral,thenewrestaurantdowntownhasgoodfoodbuttheportionsizesaresmallforthepricemightgobackmightnot
20-05-2025,Class Observation,The professor changed the assignment deadline from Friday to Monday. Doesn't affect my plans since I'm finished already.,neutral,theprofessorchangedtheassignmentdeadlinefromfridaytomondaydoesntaffectmyplanssinceimfinishedalready
20-05-2025,Podcast Opinion,That podcast everyone recommended was informative but the hosts talk over each other too much. Background noise at best.,neutral,thatpodcasteveryonerecommendedwasinformativebutthehoststalkovereachothertoomuchbackgroundnoiseatbest
20-05-2025,Clothing Purchase,"Bought new jeans today to replace my worn-out pair. Same style, same size, different store. They'll do the job.",neutral,boughtnewjeanstodaytoreplacemywornoutpairsamestylesamesizedifferentstoretheylldothejob
20-05-2025,Recipe Attempt,"Made that viral recipe everyone's been sharing. It turned out exactly like the picture shows. Tastes fine, nothing spectacular.",neutral,madethatviralrecipeeveryonesbeensharingitturnedoutexactlylikethepictureshowstastesfinenothingspectacular
20-05-2025,Energy Levels,Neither tired nor energetic today. Just operating at baseline capacity. Sometimes average days are all you get.,neutral,neithertirednorenergetictodayjustoperatingatbaselinecapacitysometimesaveragedaysareallyouget
20-05-2025,Mall Visit,"Went to the mall for the first time in months. Some stores have closed, new ones have opened. The more things change...",neutral,wenttothemallforthefirsttimeinmonthssomestoreshaveclosednewoneshaveopenedthemorethingschange
20-05-2025,Diet Observation,Two weeks into trying this new eating pattern. No dramatic changes to report but not having any issues with it either.,neutral,twoweeksintotryingthisneweatingpatternnodramaticchangestoreportbutnothavinganyissueswithiteither
20-05-2025,Technology Opinion,Everyone keeps talking about this new device but I don't see how it's that different from the last version.,neutral,everyonekeepstalkingaboutthisnewdevicebutidontseehowitsthatdifferentfromthelastversion
20-05-2025,Home Decor,"Rearranged my living room furniture today. The space flows a bit differently now. Neither better nor worse, just changed.",neutral,rearrangedmylivingroomfurnituretodaythespaceflowsabitdifferentlynowneitherbetternorworsejustchange
20-05-2025,Seasonal Change,Packed away the winter clothes and brought out the summer ones today. Standard transition for this time of year.,neutral,packedawaythewinterclothesandbroughtoutthesummeronestodaystandardtransitionforthistimeofyear
20-05-2025,Appointment Report,"Had my regular dental checkup today. No cavities, no issues. In and out in 45 minutes as expected.",neutral,hadmyregulardentalcheckuptodaynocavitiesnoissuesinandoutinminutesasexpecte
20-05-2025,News Consumption,"Read the headlines this morning. The usual mix of politics, global events, and celebrity news. Nothing particularly surprising.",neutral,readtheheadlinesthismorningtheusualmixofpoliticsglobaleventsandcelebritynewsnothingparticularlysurprise
20-05-2025,Pet Behavior,"My cat knocked over a plant again. Cleaned it up, put the plant somewhere else. The ongoing game between us continues.",neutral,mycatknockedoveraplantagaincleaneditupputtheplantsomewhereelsetheongoinggamebetweenuscontinue
20-05-2025,Traffic Comment,Regular rush hour traffic on my commute today. Not the worst I've seen but certainly not clear roads either.,neutral,regularrushhourtrafficonmycommutetodaynottheworstiveseenbutcertainlynotclearroadseither
20-05-2025,Music Festival,"Checked the lineup for the summer music festival. Some bands I like, some I don't know. Tickets are the usual high price.",neutral,checkedthelineupforthesummermusicfestivalsomebandsilikesomeidontknowticketsaretheusualhighprice
20-05-2025,Vehicle Maintenance,"Got my car's oil changed today. Regular maintenance, nothing exciting. Should be good for another few months.",neutral,gotmycarsoilchangedtodayregularmaintenancenothingexcitingshouldbegoodforanotherfewmonth
20-05-2025,Academic Observation,Professor canceled class again today. Third time this semester. Makes no difference to me since I watch the recordings anyway.,neutral,professorcanceledclassagaintodaythirdtimethissemestermakesnodifferencetomesinceiwatchtherecordingsanyway
20-05-2025,Cultural Event,"Went to that art exhibit everyone's been talking about. Some pieces were interesting, others weren't to my taste.",neutral,wenttothatartexhibiteveryonesbeentalkingaboutsomepieceswereinterestingotherswerenttomytaste
20-05-2025,App Review,Downloaded that new app everyone's using. It has some useful features but also some obvious flaws. About what I expected.,neutral,downloadedthatnewappeveryonesusingithassomeusefulfeaturesbutalsosomeobviousflawsaboutwhatiexpecte
20-05-2025,Seasonal Allergies,Pollen count is high today according to the weather app. Taking my usual allergy medication. The annual spring ritual continues.,neutral,pollencountishightodayaccordingtotheweatherapptakingmyusualallergymedicationtheannualspringritualcontinue
20-05-2025,Streaming Service,That streaming platform increased their subscription price again. Not enough to cancel but enough to be annoying.,neutral,thatstreamingplatformincreasedtheirsubscriptionpriceagainnotenoughtocancelbutenoughtobeannoye
20-05-2025,Grocery Shopping,"Did the weekly grocery run. Prices continue to rise on basics. Spent about what I usually do, got slightly less than usual.",neutral,didtheweeklygroceryrunpricescontinuetoriseonbasicsspentaboutwhatiusuallydogotslightlylessthanusual
20-05-2025,Gaming Update,Put in a couple hours on that new game. The mechanics are interesting but the story is predictable so far.,neutral,putinacouplehoursonthatnewgamethemechanicsareinterestingbutthestoryispredictablesofar
20-05-2025,Neighborhood Change,They're putting in another coffee shop where the bookstore used to be. That's the third one within two blocks now.,neutral,theyreputtinginanothercoffeeshopwherethebookstoreusedtobethatsthethirdonewithintwoblocksnow
20-05-2025,Wardrobe Decision,"Went through my closet and identified clothes to donate. Not a dramatic purge, just the regular seasonal assessment.",neutral,wentthroughmyclosetandidentifiedclothestodonatenotadramaticpurgejusttheregularseasonalassessment
20-05-2025,Political Opinion,Watched the debate last night. Both candidates made some good points and some questionable claims. Election day still feels far away.,neutral,watchedthedebatelastnightbothcandidatesmadesomegoodpointsandsomequestionableclaimselectiondaystillfeelsfaraway
20-05-2025,Home Cooking,"Made my standard weeknight pasta dish for dinner. Quick, reliable, nothing special but gets the job done.",neutral,mademystandardweeknightpastadishfordinnerquickreliablenothingspecialbutgetsthejobdone
20-05-2025,Digital Organization,"Sorted through old files on my computer today. Deleted some duplicates, organized some folders. Basic digital housekeeping.",neutral,sortedthrougholdfilesonmycomputertodaydeletedsomeduplicatesorganizedsomefoldersbasicdigitalhousekeepe
20-05-2025,Financial Planning,"Reviewed my budget for the month. On track with most categories, might need to adjust the grocery allocation slightly.",neutral,reviewedmybudgetforthemonthontrackwithmostcategoriesmightneedtoadjustthegroceryallocationslightly
20-05-2025,Workplace Change,Company announced they're switching project management software again. Fourth system in three years. This one looks similar to the last.,neutral,companyannouncedtheyreswitchingprojectmanagementsoftwareagainfourthsysteminthreeyearsthisonelookssimilartothelast
20-05-2025,Health Routine,"Got my annual physical today. All the standard tests, all the standard questions. Results in a week, expecting no surprises.",neutral,gotmyannualphysicaltodayallthestandardtestsallthestandardquestionsresultsinaweekexpectingnosurprise
20-05-2025,Fashion Observation,"That trend from 20 years ago is back in stores again. Fashion really is cyclical, just as everyone always says.",neutral,thattrendfromyearsagoisbackinstoresagainfashionreallyiscyclicaljustaseveryonealwayssays
20-05-2025,Self-Reflection,"I'm neither better nor worse than I was a year ago, just different. Growth isn't always dramatic or even noticeable in real time.",neutral,imneitherbetternorworsethaniwasayearagojustdifferentgrowthisntalwaysdramaticorevennoticeableinrealtime
20-05-2025,Social Media Algorithm,My feed keeps showing me content similar to what I engaged with last week. The algorithm is predictable if nothing else.,neutral,myfeedkeepsshowingmecontentsimilartowhatiengagedwithlastweekthealgorithmispredictableifnothingelse
20-05-2025,Weather Adaptation,Temperature dropped 15 degrees overnight. Pulled the jacket back out that I had just stored away. Typical spring unpredictability.,neutral,temperaturedroppeddegreesovernightpulledthejacketbackoutthatihadjuststoredawaytypicalspringunpredictability
