date,user,text,sentiment,Clean_Text
2025-05-20,ElectricFan123,The future is now! Tesla is changing the world. #innovation #electriccars,positive,thefutureisnowteslaischangingtheworldinnovationelectriccar
2025-05-20,SkepticSteve,Another overhyped promo. Let's see if they actually deliver on their promises.,negative,anotheroverhypedpromoletsseeiftheyactuallydeliverontheirpromise
2025-05-20,CarLover77,Nice design but still prefer the sound of a classic engine.,neutral,nicedesignbutstillpreferthesoundofaclassicengine
2025-05-20,GreenDrive,Finally a company that cares about the environment! #gogreen #tesla,positive,finallyacompanythatcaresabouttheenvironmentgogreentesla
2025-05-20,BatteryBlues,How long will the battery actually last in real-world conditions?,negative,howlongwillthebatteryactuallylastinrealworldcondition
2025-05-20,TechReviewer,Interesting features but the price point is still a barrier for many.,neutral,interestingfeaturesbutthepricepointisstillabarrierformany
2025-05-20,FutureIsElectric,Love the sleek look! Can't wait to see more of these on the road.,positive,lovethesleeklookcantwaittoseemoreoftheseontheroad
2025-05-20,RangeAnxiety,Worried about range anxiety on long trips. Need more charging infrastructure.,negative,worriedaboutrangeanxietyonlongtripsneedmorecharginginfrastructure
2025-05-20,DailyDriver,Seems like a good option for a daily commute. Practical and efficient.,neutral,seemslikeagoodoptionforadailycommutepracticalandefficient
2025-05-20,TeslaObsessed,This car is a masterpiece! Ordering mine ASAP. #teslafan,positive,thiscarisamasterpieceorderingmineasapteslafan
2025-05-20,ElonHater,Elon Musk is a snake oil salesman. Don't believe the hype.,negative,elonmuskisasnakeoilsalesmandontbelievethehype
2025-05-20,CarEnthusiast,The technology is impressive but the build quality is questionable.,neutral,thetechnologyisimpressivebutthebuildqualityisquestionable
2025-05-20,EcoWarrior,This is the only way forward. We need more companies like Tesla.,positive,thisistheonlywayforwardweneedmorecompaniesliketesla
2025-05-20,ChargingProblems,Charging times are still too long. Not convenient enough.,negative,chargingtimesarestilltoolongnotconvenientenough
2025-05-20,CityDriver,Perfect for navigating city streets. Small and agile.,neutral,perfectfornavigatingcitystreetssmallandagile
2025-05-20,SpeedDemon,The acceleration is insane! This car is a beast.,positive,theaccelerationisinsanethiscarisabeast
2025-05-20,ReliabilityIssues,Heard too many stories about reliability issues. Not convinced.,negative,heardtoomanystoriesaboutreliabilityissuesnotconvince
2025-05-20,LongRoadTrips,How does it handle on long road trips? Need more info.,neutral,howdoesithandleonlongroadtripsneedmoreinfo
2025-05-20,InnovationNation,Tesla is pushing the boundaries of what's possible. Amazing.,positive,teslaispushingtheboundariesofwhatspossibleamaze
2025-05-20,MuskIsCrazy,Musk is a genius and a madman. His ideas are too wild.,negative,muskisageniusandamadmanhisideasaretoowild
2025-05-20,DesignDebate,The design is polarizing. Some love it some hate it.,neutral,thedesignispolarizingsomeloveitsomehateit
2025-05-20,CleanEnergyFuture,This is the future of transportation. Clean and efficient.,positive,thisisthefutureoftransportationcleanandefficient
2025-05-20,ExpensiveToy,It's a cool toy but way too expensive for most people.,negative,itsacooltoybutwaytooexpensiveformostpeople
2025-05-20,TechSavvy,Love the integrated technology. The interface is seamless.,neutral,lovetheintegratedtechnologytheinterfaceisseamless
2025-05-20,ZeroEmissions,Zero emissions is the way to go. Let's save the planet!,positive,zeroemissionsisthewaytogoletssavetheplanet
2025-05-20,OverpricedHype,It's just overpriced hype. Nothing special.,negative,itsjustoverpricedhypenothingspecial
2025-05-20,PracticalChoice,A practical choice for those looking to reduce their carbon footprint.,neutral,apracticalchoiceforthoselookingtoreducetheircarbonfootprint
2025-05-20,TeslaPower,The power and performance are unmatched. Truly impressive.,positive,thepowerandperformanceareunmatchedtrulyimpressive
2025-05-20,SelfDrivingScary,Self-driving features are still a bit scary. Not fully convinced.,negative,selfdrivingfeaturesarestillabitscarynotfullyconvince
2025-05-20,FutureOfDriving,This is the future of driving. Get used to it.,neutral,thisisthefutureofdrivinggetusedtoit
2025-05-20,AmazingTech,The technology is mind-blowing. Tesla is a game-changer.,positive,thetechnologyismindblowingteslaisagamechanger
2025-05-20,MuskIsAMoron,Musk is an idiot. His ideas are dangerous.,negative,muskisanidiothisideasaredangerous
2025-05-20,SleekDesign,Love the minimalist and sleek design. Very futuristic.,neutral,lovetheminimalistandsleekdesignveryfuturistic
2025-05-20,SustainableFuture,This is a step towards a more sustainable future. Good job Tesla!,positive,thisisasteptowardsamoresustainablefuturegoodjobtesla
2025-05-20,UnreliableCars,Heard too many horror stories about Tesla's unreliability.,negative,heardtoomanyhorrorstoriesaboutteslasunreliability
2025-05-20,GoodForCity,Perfect for city driving. Easy to park and maneuver.,neutral,perfectforcitydrivingeasytoparkandmaneuver
2025-05-20,PowerAndSpeed,The power and speed are incredible. A true performance car.,positive,thepowerandspeedareincredibleatrueperformancecar
2025-05-20,SelfDrivingConcerns,Still have concerns about the safety of self-driving features.,negative,stillhaveconcernsaboutthesafetyofselfdrivingfeature
2025-05-20,DrivingEvolution,This is the evolution of driving. Exciting times.,neutral,thisistheevolutionofdrivingexcitingtime
2025-05-20,RevolutionaryCar,This car is revolutionary. It's changing the industry.,positive,thiscarisrevolutionaryitschangingtheindustry
2025-05-20,MuskIsOverrated,Musk gets too much credit. It's not all his doing.,negative,muskgetstoomuchcredititsnotallhisdoe
2025-05-20,MinimalistInterior,The minimalist interior is clean and modern.,neutral,theminimalistinterioriscleanandmodern
2025-05-20,EcoFriendlyChoice,An eco-friendly choice for those who care about the planet.,positive,anecofriendlychoiceforthosewhocareabouttheplanet
2025-05-20,BatteryLifeIssues,Battery life seems to be a recurring issue. Needs improvement.,negative,batterylifeseemstobearecurringissueneedsimprovement
2025-05-20,PracticalEV,A practical EV for everyday use. Makes sense.,neutral,apracticalevforeverydayusemakessense
2025-05-20,PerformanceBeast,This car is a performance beast. The acceleration is unreal.,positive,thiscarisaperformancebeasttheaccelerationisunreal
2025-05-20,SelfDrivingBugs,Self-driving features still have too many bugs to be fully trusted.,negative,selfdrivingfeaturesstillhavetoomanybugstobefullytruste
2025-05-20,ChangingTheGame,Tesla is changing the game. This is the future.,neutral,teslaischangingthegamethisisthefuture
2025-05-20,IncredibleTech,The technology is incredible. A true marvel of engineering.,positive,thetechnologyisincredibleatruemarvelofengineere
2025-05-20,MuskIsDangerous,Musk is a dangerous influence. His ideas are reckless.,negative,muskisadangerousinfluencehisideasarereckless
2025-05-20,ModernDesign,The modern design is appealing and eye-catching.,neutral,themoderndesignisappealingandeyecatche
2025-05-20,SustainableTransport,This is the future of sustainable transportation. Let's embrace it.,positive,thisisthefutureofsustainabletransportationletsembraceit
2025-05-20,PriceyGadget,It's a cool gadget but the price is still too high for most.,negative,itsacoolgadgetbutthepriceisstilltoohighformost
2025-05-20,EfficientVehicle,An efficient vehicle that's good for the environment and your wallet.,neutral,anefficientvehiclethatsgoodfortheenvironmentandyourwallet
2025-05-20,UnmatchedPower,The power and performance are unmatched in the EV market.,positive,thepowerandperformanceareunmatchedintheevmarket
2025-05-20,SelfDrivingFlaws,Self-driving features are flawed and not ready for prime time.,negative,selfdrivingfeaturesareflawedandnotreadyforprimetime
2025-05-20,DrivingRedefined,This car redefines the driving experience. It's amazing.,neutral,thiscarredefinesthedrivingexperienceitsamaze
2025-05-20,GroundbreakingTech,The technology is groundbreaking. Tesla is leading the way.,positive,thetechnologyisgroundbreakingteslaisleadingtheway
2025-05-20,MuskIsAShowman,Musk is just a showman. Don't fall for the hype.,negative,muskisjustashowmandontfallforthehype
2025-05-20,FuturisticAesthetic,The futuristic aesthetic is both appealing and functional.,neutral,thefuturisticaestheticisbothappealingandfunctional
2025-05-20,EcoConsciousChoice,An eco-conscious choice for a greener future.,positive,anecoconsciouschoiceforagreenerfuture
2025-05-20,ReliabilityConcerns,Still concerned about the long-term reliability of these cars.,negative,stillconcernedaboutthelongtermreliabilityofthesecar
2025-05-20,PracticalEVOption,A practical EV option for the modern driver.,neutral,apracticalevoptionforthemoderndriver
2025-05-20,PerformanceKing,The performance is king. This car is a thrill to drive.,positive,theperformanceiskingthiscarisathrilltodrive
2025-05-20,SelfDrivingIssues,Self-driving features are still too problematic to be safe.,negative,selfdrivingfeaturesarestilltooproblematictobesafe
2025-05-20,DrivingReimagined,This car reimagines the driving experience. It's revolutionary.,neutral,thiscarreimaginesthedrivingexperienceitsrevolutionary
2025-05-20,CuttingEdgeTech,Cutting-edge technology that's pushing the boundaries.,positive,cuttingedgetechnologythatspushingtheboundarie
2025-05-20,MuskIsACultLeader,Musk is creating a cult following. Be wary.,negative,muskiscreatingacultfollowingbewary
2025-05-20,ModernAndSleek,The design is modern sleek and stylish.,neutral,thedesignismodernsleekandstylish
2025-05-20,SustainableMobility,This is the future of sustainable mobility. Let's embrace it.,positive,thisisthefutureofsustainablemobilityletsembraceit
2025-05-20,OverhypedAndExpensive,Overhyped and way too expensive for what it is.,negative,overhypedandwaytooexpensiveforwhatitis
2025-05-20,EverydayEV,A good everyday EV for the average consumer.,neutral,agoodeverydayevfortheaverageconsumer
2025-05-20,PowerAndEfficiency,The perfect balance of power and efficiency.,positive,theperfectbalanceofpowerandefficiency
2025-05-20,SelfDrivingDisaster,Self-driving features are a disaster waiting to happen.,negative,selfdrivingfeaturesareadisasterwaitingtohappen
2025-05-20,DrivingTransformed,This car has transformed the driving experience.,neutral,thiscarhastransformedthedrivingexperience
2025-05-20,GameChangingTech,Game-changing technology that's setting a new standard.,positive,gamechangingtechnologythatssettinganewstandard
2025-05-20,MuskIsUnstable,Musk is too unstable and unpredictable.,negative,muskistoounstableandunpredictable
2025-05-20,StylishAndFunctional,Stylish and functional design that's both appealing and practical.,neutral,stylishandfunctionaldesignthatsbothappealingandpractical
2025-05-20,FutureOfTransport,This is the future of transport. It's inevitable.,positive,thisisthefutureoftransportitsinevitable
2025-05-20,TooExpensiveForMost,Too expensive for the average consumer. Needs to be more affordable.,negative,tooexpensivefortheaverageconsumerneedstobemoreaffordable
2025-05-20,ConvenientEV,A convenient EV for the modern world.,neutral,aconvenientevforthemodernworld
2025-05-20,PerformanceAndStyle,The perfect combination of performance and style.,positive,theperfectcombinationofperformanceandstyle
2025-05-20,SelfDrivingNightmare,Self-driving features are a nightmare and should be banned.,negative,selfdrivingfeaturesareanightmareandshouldbebanne
2025-05-20,DrivingReinvented,This car has reinvented the driving experience.,neutral,thiscarhasreinventedthedrivingexperience
2025-05-20,RevolutionaryTech,Revolutionary technology that's changing the world.,positive,revolutionarytechnologythatschangingtheworld
2025-05-20,MuskIsOutlandish,Musk's ideas are outlandish and unrealistic.,negative,musksideasareoutlandishandunrealistic
2025-05-20,SleekAndModern,Sleek and modern design that's both elegant and functional.,neutral,sleekandmoderndesignthatsbothelegantandfunctional
2025-05-20,SustainableDriving,This is the future of sustainable driving. Let's make it happen.,positive,thisisthefutureofsustainabledrivingletsmakeithappen
2025-05-20,OverpricedAndUnreliable,Overpriced and unreliable. Not worth the money.,negative,overpricedandunreliablenotworththemoney
2025-05-20,PracticalAndEfficient,Practical and efficient for everyday use.,neutral,practicalandefficientforeverydayuse
2025-05-20,PowerAndInnovation,The perfect blend of power and innovation.,positive,theperfectblendofpowerandinnovation
2025-05-20,SelfDrivingDanger,Self-driving features are a danger to public safety.,negative,selfdrivingfeaturesareadangertopublicsafety
2025-05-20,DrivingEvolved,This car has evolved the driving experience.,neutral,thiscarhasevolvedthedrivingexperience
2025-05-20,GroundbreakingInnovation,Groundbreaking innovation that's pushing the limits.,positive,groundbreakinginnovationthatspushingthelimit
2025-05-20,MuskIsUnreliable,Musk is unreliable and his promises are empty.,negative,muskisunreliableandhispromisesareempty
2025-05-20,ModernAndFunctional,Modern and functional design that's both beautiful and practical.,neutral,modernandfunctionaldesignthatsbothbeautifulandpractical
2025-05-20,FutureOfMobility,This is the future of mobility. It's time to embrace it.,positive,thisisthefutureofmobilityitstimetoembraceit
2025-05-20,TooExpensiveAndImpractical,Too expensive and impractical for most people.,negative,tooexpensiveandimpracticalformostpeople
2025-05-20,EfficientAndConvenient,Efficient and convenient for the modern world.,neutral,efficientandconvenientforthemodernworld
2025-05-20,PerformanceAndTechnology,The perfect blend of performance and technology.,positive,theperfectblendofperformanceandtechnology
2025-05-20,SelfDrivingRisk,Self-driving features are a risk to everyone on the road.,negative,selfdrivingfeaturesarearisktoeveryoneontheroad
2025-05-20,DrivingTransformedAgain,This car has transformed the driving experience once again.,neutral,thiscarhastransformedthedrivingexperienceonceagain
2025-05-20,RevolutionaryTechnology,Revolutionary technology that's changing the world as we know it.,positive,revolutionarytechnologythatschangingtheworldasweknowit
2025-05-20,MuskIsUnethical,Musk's business practices are unethical and concerning.,negative,musksbusinesspracticesareunethicalandconcerne
2025-05-20,StylishAndPractical,Stylish and practical design for the modern driver.,neutral,stylishandpracticaldesignforthemoderndriver
2025-05-20,SustainableFutureNow,This is the sustainable future and it's happening now.,positive,thisisthesustainablefutureanditshappeningnow
2025-05-20,OverpricedAndUnnecessary,Overpriced and unnecessary. Just a status symbol.,negative,overpricedandunnecessaryjustastatussymbol
2025-05-20,PracticalAndEcoFriendly,Practical and eco-friendly for the conscious consumer.,neutral,practicalandecofriendlyfortheconsciousconsumer
2025-05-20,PowerAndInnovationCombined,The perfect combination of power and innovation in one vehicle.,positive,theperfectcombinationofpowerandinnovationinonevehicle
2025-05-20,SelfDrivingDisasterWaiting,Self-driving features are a disaster waiting to happen. Avoid at all costs.,negative,selfdrivingfeaturesareadisasterwaitingtohappenavoidatallcost
2025-05-20,DrivingReinventedAgain,This car has reinvented the driving experience for the modern age.,neutral,thiscarhasreinventedthedrivingexperienceforthemodernage
2025-05-20,GroundbreakingInnovationAgain,Groundbreaking innovation that's pushing the boundaries of what's possible in automotive technology.,positive,groundbreakinginnovationthatspushingtheboundariesofwhatspossibleinautomotivetechnology
2025-05-20,MuskIsUnstableAndDangerous,Musk is unstable dangerous and should not be trusted with this much power.,negative,muskisunstabledangerousandshouldnotbetrustedwiththismuchpower
2025-05-20,ModernAndFunctionalDesign,Modern and functional design that prioritizes both aesthetics and usability.,neutral,modernandfunctionaldesignthatprioritizesbothaestheticsandusability
2025-05-20,FutureOfMobilityIsHere,The future of mobility is here and it's electric and sustainable.,positive,thefutureofmobilityishereanditselectricandsustainable
2025-05-20,TooExpensiveAndComplicated,Too expensive and overly complicated for the average driver. Not user-friendly.,negative,tooexpensiveandoverlycomplicatedfortheaveragedrivernotuserfriendly
2025-05-20,EfficientAndConvenientTransportation,Efficient and convenient transportation for the modern eco-conscious world.,neutral,efficientandconvenienttransportationforthemodernecoconsciousworld
2025-05-20,PerformanceAndTechnologyCombined,Performance and cutting-edge technology combined resulting in a driving experience that is both exhilarating and technologically advanced.,positive,performanceandcuttingedgetechnologycombinedresultinginadrivingexperiencethatisbothexhilaratingandtechnologicallyadvance
2025-05-20,SelfDrivingFeaturesAreARisk,Self-driving features pose a significant risk to public safety and should be heavily regulated.,negative,selfdrivingfeaturesposeasignificantrisktopublicsafetyandshouldbeheavilyregulate
2025-05-20,DrivingTransformedForGood,This car has transformed the driving experience for good setting a new standard for the industry.,neutral,thiscarhastransformedthedrivingexperienceforgoodsettinganewstandardfortheindustry
2025-05-20,RevolutionaryTechnologyRedefined,Revolutionary technology that has redefined the automotive landscape and the future of transportation.,positive,revolutionarytechnologythathasredefinedtheautomotivelandscapeandthefutureoftransportation
2025-05-20,MuskIsUnethicalAndDangerous,Musk's business practices are unethical and his influence is potentially dangerous to society.,negative,musksbusinesspracticesareunethicalandhisinfluenceispotentiallydangeroustosociety
2025-05-20,StylishAndPracticalVehicle,A stylish and practical vehicle that caters to the needs of the modern driver while being environmentally conscious.,neutral,astylishandpracticalvehiclethatcaterstotheneedsofthemoderndriverwhilebeingenvironmentallyconscious
2025-05-20,SustainableFutureIsNowReality,The sustainable future is now a reality thanks to companies like Tesla pushing the boundaries of innovation.,positive,thesustainablefutureisnowarealitythankstocompaniesliketeslapushingtheboundariesofinnovation
2025-05-20,OverpricedAndUnnecessaryStatusSymbol,Overpriced and unnecessary serving primarily as a status symbol for the wealthy elite.,negative,overpricedandunnecessaryservingprimarilyasastatussymbolforthewealthyelite
2025-05-20,PracticalAndEcoFriendlyChoice,A practical and eco-friendly choice for consumers looking to reduce their carbon footprint and embrace sustainable transportation.,neutral,apracticalandecofriendlychoiceforconsumerslookingtoreducetheircarbonfootprintandembracesustainabletransportation
2025-05-20,PowerAndInnovationInOneVehicle,The perfect combination of raw power and groundbreaking innovation delivering an unparalleled driving experience.,positive,theperfectcombinationofrawpowerandgroundbreakinginnovationdeliveringanunparalleleddrivingexperience
2025-05-20,SelfDrivingFeaturesAreALiability,Self-driving features are a liability and should be approached with extreme caution due to safety concerns.,negative,selfdrivingfeaturesarealiabilityandshouldbeapproachedwithextremecautionduetosafetyconcern
2025-05-20,DrivingReinventedForModernAge,This car has reinvented the driving experience for the modern age setting a new benchmark for automotive excellence.,neutral,thiscarhasreinventedthedrivingexperienceforthemodernagesettinganewbenchmarkforautomotiveexcellence
2025-05-20,GroundbreakingInnovationRedefined,Groundbreaking innovation that has redefined the automotive industry and paved the way for a new era of transportation.,positive,groundbreakinginnovationthathasredefinedtheautomotiveindustryandpavedthewayforaneweraoftransportation
2025-05-20,MuskIsUnstableAndUntrustworthy,Musk is unstable untrustworthy and his promises should be taken with a grain of salt due to his erratic behavior.,negative,muskisunstableuntrustworthyandhispromisesshouldbetakenwithagrainofsaltduetohiserraticbehavior
2025-05-20,ModernAndFunctionalDesignEthos,A modern and functional design ethos that prioritizes both aesthetics and user experience creating a harmonious blend of style and practicality.,neutral,amodernandfunctionaldesignethosthatprioritizesbothaestheticsanduserexperiencecreatingaharmoniousblendofstyleandpracticality
2025-05-20,FutureOfMobilityHasArrived,The future of mobility has arrived and it's electric sustainable and technologically advanced thanks to Tesla's pioneering spirit.,positive,thefutureofmobilityhasarrivedanditselectricsustainableandtechnologicallyadvancedthankstoteslaspioneeringspirit
2025-05-20,TooExpensiveAndComplicatedForAverageUser,Too expensive and overly complicated for the average user making it inaccessible to a large segment of the population.,negative,tooexpensiveandoverlycomplicatedfortheaverageusermakingitinaccessibletoalargesegmentofthepopulation
2025-05-20,EfficientAndConvenientForModernWorld,Efficient and convenient transportation solutions for the modern world catering to the needs of busy individuals seeking sustainable alternatives.,neutral,efficientandconvenienttransportationsolutionsforthemodernworldcateringtotheneedsofbusyindividualsseekingsustainablealternative
2025-05-20,PerformanceAndTechnologySeamlesslyCombined,Performance and cutting-edge technology seamlessly combined resulting in a driving experience that is both exhilarating and technologically advanced.,positive,performanceandcuttingedgetechnologyseamlesslycombinedresultinginadrivingexperiencethatisbothexhilaratingandtechnologicallyadvance
2025-05-20,SelfDrivingFeaturesPoseSignificantRisk,Self-driving features pose a significant risk to public safety and require extensive testing and regulation before widespread adoption.,negative,selfdrivingfeaturesposeasignificantrisktopublicsafetyandrequireextensivetestingandregulationbeforewidespreadadoption
2025-05-20,DrivingTransformedForGoodAndForever,This car has transformed the driving experience for good and forever setting a new standard for automotive excellence and innovation.,neutral,thiscarhastransformedthedrivingexperienceforgoodandforeversettinganewstandardforautomotiveexcellenceandinnovation
2025-05-20,RevolutionaryTechnologyAndInnovation,Revolutionary technology and groundbreaking innovation that has reshaped the automotive industry and ushered in a new era of transportation.,positive,revolutionarytechnologyandgroundbreakinginnovationthathasreshapedtheautomotiveindustryandusheredinaneweraoftransportation
2025-05-20,MuskIsUnethicalAndPotentiallyDangerous,Musk's business practices are unethical and his influence is potentially dangerous to society requiring careful scrutiny and regulation.,negative,musksbusinesspracticesareunethicalandhisinfluenceispotentiallydangeroustosocietyrequiringcarefulscrutinyandregulation
2025-05-20,StylishAndPracticalForModernDriver,A stylish and practical vehicle designed for the modern driver offering a blend of aesthetics functionality and environmental consciousness.,neutral,astylishandpracticalvehicledesignedforthemoderndriverofferingablendofaestheticsfunctionalityandenvironmentalconsciousness
2025-05-20,SustainableFutureIsNowAReality,The sustainable future is now a tangible reality thanks to companies like Tesla leading the charge in electric vehicle technology and sustainable transportation.,positive,thesustainablefutureisnowatangiblerealitythankstocompaniesliketeslaleadingthechargeinelectricvehicletechnologyandsustainabletransportation
2025-05-20,OverpricedAndUnnecessaryForMostConsumers,Overpriced and unnecessary for most consumers serving primarily as a status symbol and a luxury item for the affluent.,negative,overpricedandunnecessaryformostconsumersservingprimarilyasastatussymbolandaluxuryitemfortheaffluent
2025-05-20,PracticalAndEcoFriendlyTransportSolution,A practical and eco-friendly transportation solution for consumers seeking a greener alternative without compromising on performance or convenience.,neutral,apracticalandecofriendlytransportationsolutionforconsumersseekingagreeneralternativewithoutcompromisingonperformanceorconvenience
2025-05-20,PowerAndInnovationSeamlesslyIntegrated,The perfect blend of raw power and groundbreaking innovation seamlessly integrated into a vehicle that redefines the driving experience.,positive,theperfectblendofrawpowerandgroundbreakinginnovationseamlesslyintegratedintoavehiclethatredefinesthedrivingexperience
2025-05-20,SelfDrivingFeaturesRequireCarefulRegulation,Self-driving features require careful regulation and extensive testing to ensure public safety and prevent potential accidents.,negative,selfdrivingfeaturesrequirecarefulregulationandextensivetestingtoensurepublicsafetyandpreventpotentialaccident
2025-05-20,DrivingReinventedForModernAgeAndBeyond,This car has reinvented the driving experience for the modern age and beyond setting a new benchmark for automotive excellence and innovation.,neutral,thiscarhasreinventedthedrivingexperienceforthemodernageandbeyondsettinganewbenchmarkforautomotiveexcellenceandinnovation
2025-05-20,GroundbreakingInnovationAndTechnologicalProwess,Groundbreaking innovation and unparalleled technological prowess have propelled Tesla to the forefront of the automotive industry shaping the future of transportation.,positive,groundbreakinginnovationandunparalleledtechnologicalprowesshavepropelledteslatotheforefrontoftheautomotiveindustryshapingthefutureoftransportation
