date,user,text,Clean_Text,Sentiment
2025-05-19T04:37:56Z,@hopelightninstrikem8167,I saw one of those last week,see one last week,1
2025-05-13T11:41:43Z,@arifurrahman5009,Superb..car,superbcar,1
2025-05-07T10:44:55Z,@chanderprabhavlogs8581,Wow amazing sharing my dear friend enjoy your video with like thumbs up,wow amazing sharing dear friend enjoy video like thumb,1
2025-05-07T02:08:47Z,@Metrofanoftrains,"Tesla, fix the train screen animation plsüòä btw i love ur cars!",tesla fix train screen animation pls btw love car,1
2025-05-04T12:18:10Z,@June-u9s,waiting for the model Y performance,waiting model performance,1
2025-05-04T07:40:01Z,@aravindsamy1971,Wow,wow,1
2025-04-29T12:02:25Z,@actube10,Tesla always n¬∞1,tesla always,1
2025-04-25T19:05:38Z,@WorldofPatlok,Love this car!üòç,love car,1
2025-04-23T08:42:52Z,@blackxfiied_,baymax,baymax,1
2025-04-15T07:41:01Z,@Naglfar,"Beautiful car, gonna be my next car.",beautiful car gon next car,1
2025-04-08T01:54:47Z,@MusuemBucket,"Jokes aside, I‚Äôm honestly upset. Because the Tesla model y is actually a really beautiful car and teslas are just good in general. But it can‚Äôt be ignored that it‚Äôs owned by an unelected billionaire that‚Äôs probably a n@zi that just made this brand have a bad reputation. The only possible way people can buy Teslas again if it‚Äôs owned by a chill person",joke aside honestly upset tesla model actually really beautiful car tesla good general can not ignore own unelected billionaire that s probably nzi make brand bad reputation possible way people buy tesla own chill person,1
2025-04-07T00:49:24Z,@Speedmouse94,who‚Äôs paying these people in the comments,who s pay people comment,1
2025-04-05T14:19:51Z,@KacperKitowski-z7t,"Very nice car üëç. The design of all TESLA car models should ,be consistent, futuristic, elegant. Only the composition and chemical proportions of the car batteries require refinement in order to obtain maximum efficiency and economy.<br><br>Standing ovation !<br><br>With respect,<br><br>Kacper Kitowski",nice car design tesla car model consistent futuristic elegant composition chemical proportion car battery require refinement order obtain maximum efficiency economy brstande ovation brwith respect brkacper kitowski,1
2025-04-05T03:07:45Z,@AbbyanMada,you guys are behind all of the reasons most car companies are going electric,guy behind reason car company go electric,1
2025-04-03T23:29:22Z,@kevingoodrow9950,"I am on my second MY, and just don‚Äôt like this exterior design, it totally clashes with the M3, which they were the perfect yin and yang, most people had both, now they look terrible together.  Tesla is making such a mistake making all their cars resemble the Cyber Truck",second do not like exterior design totally clash perfect yin yang people look terrible together tesla make mistake make car resemble cyber truck,1
